<?xml version="1.0" encoding="UTF-8"?>
<project-private xmlns="http://www.netbeans.org/ns/project-private/1">
    <editor-bookmarks xmlns="http://www.netbeans.org/ns/editor-bookmarks/2" lastBookmarkId="0"/>
    <open-files xmlns="http://www.netbeans.org/ns/projectui-open-files/2">
        <group>
            <file>file:/D:/src_m/WebcamSwiper-master/index.html</file>
            <file>file:/D:/src_m/WebcamSwiper-master/db.js</file>
            <file>file:/D:/src_m/WebcamSwiper-master/masterground.css</file>
            <file>file:/D:/src_m/WebcamSwiper-master/css/le-frog/jquery-ui-1.10.3.custom.css</file>
            <file>file:/D:/src_m/WebcamSwiper-master/user.js</file>
        </group>
    </open-files>
</project-private>
