<?xml version="1.0" encoding="UTF-8"?>
<project-private xmlns="http://www.netbeans.org/ns/project-private/1">
    <editor-bookmarks xmlns="http://www.netbeans.org/ns/editor-bookmarks/2" lastBookmarkId="0"/>
    <open-files xmlns="http://www.netbeans.org/ns/projectui-open-files/2">
        <group>
            <file>file:/D:/src_m/server/public_html/index.html</file>
            <file>file:/D:/src_m/server/public_html/parser.html</file>
            <file>file:/D:/src_m/server/public_html/mailer.js</file>
        </group>
    </open-files>
</project-private>
